Distance_(pixels),Gray_Value
0,0.04688
1,0.07812
2,0.06250
3,0.04688
4,0.15625
5,0.15625
6,0.17188
7,0.14062
8,0.25000
9,0.28125
10,0.32812
11,0.34375
12,0.53125
13,0.75000
14,0.50000
15,0.43750
16,0.28125
17,0.29688
18,0.26562
19,0.28125
20,0.32812
21,0.37500
22,0.35938
23,0.37500
24,0.51562
25,0.45312
26,0.67188
27,0.71875
28,0.92188
29,1.18750
30,1.48438
31,2.06250
32,2.56250
33,2.54688
34,2.42188
35,2.76562
36,3.23438
37,3.10938
38,3.03125
39,3.32812
40,4.17188
41,4.53125
42,5.18750
43,6.34375
44,6.18750
45,6.00000
46,6.06250
47,5.98438
48,5.42188
49,5.10938
50,4.89062
51,4.23438
52,3.81250
53,3.50000
54,3.43750
55,2.65625
56,2.15625
57,1.92188
58,1.51562
59,1.03125
60,0.92188
61,0.93750
62,0.50000
63,0.45312
64,0.39062
65,0.35938
66,0.50000
67,0.53125
68,0.48438
69,0.57812
70,0.76562
71,0.93750
72,0.70312
73,0.82812
74,0.51562
75,0.25000
76,0.28125
77,0.23438
78,0.23438
79,0.15625
80,0.17188
81,0.10938
82,0.09375
83,0.12500
84,0.09375
85,0.12500
86,0.03125
87,0.12500
88,0.01562
89,0.14062
90,0.07812
