Distance_(pixels),Gray_Value
0,0.06667
1,0.08333
2,0.10000
3,0.05000
4,0.11667
5,0.10000
6,0.08333
7,0.05000
8,0.06667
9,0.18333
10,0.10000
11,0.15000
12,0.20000
13,0.18333
14,0.28333
15,0.38333
16,0.36667
17,0.61667
18,0.71667
19,0.45000
20,0.48333
21,0.45000
22,0.46667
23,0.56667
24,0.60000
25,0.60000
26,0.83333
27,0.96667
28,1.03333
29,1.21667
30,1.56667
31,2.05000
32,2.73333
33,3.31667
34,4.25000
35,5.11667
36,5.45000
37,5.63333
38,5.63333
39,5.00000
40,5.11667
41,3.71667
42,2.71667
43,2.46667
44,2.60000
45,2.21667
46,1.93333
47,1.60000
48,1.65000
49,1.56667
50,1.16667
51,0.86667
52,0.81667
53,0.90000
54,0.56667
55,0.45000
56,0.36667
57,0.41667
58,0.45000
59,0.53333
60,0.55000
61,0.65000
62,0.61667
63,0.53333
64,0.30000
65,0.21667
66,0.26667
67,0.16667
68,0.10000
69,0.16667
70,0.23333
71,0.11667
72,0.10000
73,0.10000
